<?xml version="1.0" encoding="UTF-8"?>
<project-private xmlns="http://www.netbeans.org/ns/project-private/1">
    <editor-bookmarks xmlns="http://www.netbeans.org/ns/editor-bookmarks/2" lastBookmarkId="0"/>
    <open-files xmlns="http://www.netbeans.org/ns/projectui-open-files/2">
        <group>
            <file>file:/D:/Komputer%20Grafik/aplikasipengadaanbarang/src/aplikasipengadaanbarang/Login.java</file>
            <file>file:/D:/Komputer%20Grafik/aplikasipengadaanbarang/src/aplikasipengadaanbarang/Transaksi.java</file>
            <file>file:/D:/Komputer%20Grafik/aplikasipengadaanbarang/src/aplikasipengadaanbarang/MenuUtama.java</file>
            <file>file:/D:/Komputer%20Grafik/aplikasipengadaanbarang/src/ClassDatabase/ClassDatabase.java</file>
            <file>file:/D:/Komputer%20Grafik/aplikasipengadaanbarang/src/aplikasipengadaanbarang/customer.java</file>
            <file>file:/D:/Komputer%20Grafik/aplikasipengadaanbarang/src/aplikasipengadaanbarang/Sales.java</file>
        </group>
    </open-files>
</project-private>
